,discriminator_loss,discriminator_yfake_loss,discriminator_yreal_loss,generator_loss,generator_yfake_loss,generator_yreal_loss,loss,val_discriminator_loss,val_discriminator_yfake_loss,val_discriminator_yreal_loss,val_generator_loss,val_generator_yfake_loss,val_generator_yreal_loss,val_loss
0,12.721489906311035,0.26982420682907104,0.23239381611347198,12.718578338623047,0.2309858798980713,0.2683205008506775,25.440067291259766,12.181445121765137,0.004895732272416353,3.047621066798456e-05,14.03053092956543,0.8650193214416504,0.9889944195747375,26.21197509765625
1,12.181836128234863,0.005293175112456083,2.3949829483171925e-05,14.026612281799316,0.8598499298095703,0.9902454614639282,26.20844841003418,12.090718269348145,1.2652914449517993e-07,9.328631131211296e-05,14.070697784423828,0.999289333820343,0.9807823896408081,26.161415100097656
2,12.090702056884766,1.323256242358184e-07,7.679320697207004e-05,14.072591781616211,0.9992731809616089,0.9826928377151489,26.163293838500977,11.983715057373047,9.253749676252365e-12,0.0010383519111201167,13.919332504272461,0.9999939203262329,0.9366633296012878,25.903047561645508
3,11.983626365661621,8.642388020507763e-12,0.0009498081053607166,13.923104286193848,0.9999940991401672,0.9404347538948059,25.90673065185547,11.8623685836792,1.5662906356021106e-14,0.0002971103531308472,13.827957153320312,0.9999998211860657,0.9658881425857544,25.690326690673828
4,11.862357139587402,1.720355425499122e-14,0.0002862355322577059,13.829446792602539,0.9999998211860657,0.9673776626586914,25.691802978515625,11.732529640197754,1.9680454510918026e-16,2.2547235857928172e-05,13.72305679321289,1.0,0.9905447959899902,25.455585479736328
5,11.732528686523438,1.6876845600422236e-16,2.151261651306413e-05,13.7235746383667,1.0,0.9910625219345093,25.456104278564453,11.596273422241211,5.580027236204104e-18,1.9262629393779207e-06,13.59350299835205,1.0,0.9972313046455383,25.189777374267578
6,11.596273422241211,5.3057457256100954e-18,1.793442038433568e-06,13.593700408935547,1.0,0.9974288940429688,25.189973831176758,11.455013275146484,3.3083892515216167e-19,2.1734334154643875e-07,13.454081535339355,1.0,0.999069333076477,24.909095764160156
7,11.455013275146484,3.4964358390884764e-19,1.9875498935562064e-07,13.4541597366333,1.0,0.9991474151611328,24.90917205810547,11.309834480285645,3.359625723391946e-20,3.1908417241766074e-08,13.309477806091309,1.0,0.9996433258056641,24.619312286376953
8,11.309834480285645,2.856367746244977e-20,2.877019333880071e-08,13.309511184692383,1.0,0.9996765851974487,24.619346618652344,11.161642074584961,6.037037952431191e-21,6.163077159726527e-09,13.16148567199707,1.0,0.9998432397842407,24.32312774658203
9,11.161642074584961,5.609763219233823e-21,5.3977373681846075e-09,13.161502838134766,1.0,0.9998601078987122,24.323144912719727,11.011192321777344,1.4053620892691212e-21,1.523628112565234e-09,13.011116027832031,1.0,0.999921977519989,24.022308349609375
10,11.011192321777344,1.5499516851459349e-21,1.3047838365309872e-09,13.011124610900879,1.0,0.9999313354492188,24.022315979003906,10.858930587768555,5.486599539926693e-22,4.71953864877861e-10,12.858887672424316,1.0,0.9999566078186035,23.717819213867188
11,10.858930587768555,6.886808714032264e-22,4.0040221138681886e-10,12.858892440795898,1.0,0.9999620318412781,23.717823028564453,10.705424308776855,3.500726398268601e-22,1.8126797285411556e-10,12.705400466918945,1.0,0.9999731183052063,23.410823822021484
12,10.705424308776855,3.3536814633579563e-22,1.517378167559258e-10,12.705404281616211,1.0,0.999976634979248,23.41082763671875,10.551092147827148,2.314164991103889e-22,8.318466054868523e-11,12.551074028015137,1.0,0.9999817609786987,23.10216522216797
13,10.551092147827148,2.2454500313316006e-22,7.01987773465973e-11,12.55107593536377,1.0,0.9999841451644897,23.102169036865234,10.396281242370605,2.6492150434791505e-22,4.533830949560169e-11,12.396269798278809,1.0,0.9999865293502808,22.792551040649414
14,10.396281242370605,3.0385740671021716e-22,3.8116353823225424e-11,12.396271705627441,1.0,0.9999883770942688,22.792552947998047,10.241256713867188,2.8242033249188962e-22,2.936815374221524e-11,12.24124813079834,1.0,0.9999891519546509,22.482505798339844
15,10.241256713867188,3.6755334310267634e-22,2.475530891388189e-11,12.241249084472656,1.0,0.9999905824661255,22.482505798339844,10.08626651763916,4.86386239149015e-22,2.233946361229755e-11,12.086254119873047,1.0,0.9999905824661255,22.17251968383789
16,10.08626651763916,4.95582817447405e-22,1.8454215586216627e-11,12.086255073547363,1.0,0.999991774559021,22.172521591186523,9.931604385375977,1.0827850763868819e-21,1.9090862571347067e-11,11.931593894958496,1.0,0.999991238117218,21.863197326660156
17,9.931604385375977,8.972642775503107e-22,1.5913315803972594e-11,11.931595802307129,1.0,0.9999923706054688,21.863201141357422,9.777466773986816,1.7363744864741975e-21,1.8877699750619037e-11,11.777457237243652,1.0,0.9999912977218628,21.55492401123047
18,9.777466773986816,1.5690703413400286e-21,1.5151612603458986e-11,11.777458190917969,1.0,0.9999925494194031,21.55492401123047,9.62405014038086,4.219604612688198e-21,1.9517188212803127e-11,11.624042510986328,1.0,0.999991238117218,21.248092651367188
19,9.62405014038086,4.541867797769679e-21,1.5666046584983384e-11,11.624043464660645,1.0,0.9999924898147583,21.248092651367188,9.471540451049805,1.0616299322208382e-20,2.2109248459800668e-11,11.47153091430664,1.0,0.9999906420707703,20.943071365356445
20,9.471540451049805,1.2053143550162102e-20,1.7925572484700503e-11,11.471532821655273,1.0,0.9999920129776001,20.943073272705078,9.320062637329102,3.2868154117939534e-20,2.65913506491966e-11,11.320051193237305,1.0,0.9999896883964539,20.640113830566406
21,9.320062637329102,3.206635437925996e-20,2.1549340437077014e-11,11.320053100585938,1.0,0.9999911189079285,20.64011573791504,9.169756889343262,9.895308343909276e-20,3.446985058497276e-11,11.169745445251465,1.0,0.9999882578849792,20.339502334594727
22,9.169756889343262,8.695822138699227e-20,2.798969910011717e-11,11.169746398925781,1.0,0.9999898672103882,20.33950424194336,9.020750045776367,3.427675158200299e-19,4.660592051175527e-11,11.02073860168457,1.0,0.9999863505363464,20.041488647460938
23,9.020750045776367,2.558059663235418e-19,3.759055219876295e-11,11.020740509033203,1.0,0.9999882578849792,20.04149055480957,8.873178482055664,9.188412200130647e-19,6.546940767293563e-11,10.87315845489502,1.0,0.9999837875366211,19.746337890625
24,8.873178482055664,9.28730888019172e-19,5.268816632986173e-11,10.873160362243652,1.0,0.9999860525131226,19.746337890625,8.727165222167969,3.711326970773308e-18,9.57697948722469e-11,10.72714614868164,1.0,0.9999804496765137,19.45431137084961
25,8.727165222167969,3.464712583717667e-18,7.686083020042034e-11,10.727149963378906,1.0,0.9999831914901733,19.454315185546875,8.58284854888916,1.0301292104067905e-17,1.4412364357507812e-10,10.5828275680542,1.0,0.9999759793281555,19.16567611694336
26,8.58284854888916,1.0899999641169499e-17,1.1670522881424006e-10,10.582830429077148,1.0,0.9999791979789734,19.165679931640625,8.440296173095703,3.3399356143184317e-17,2.2328663917825509e-10,10.440268516540527,1.0,0.9999701380729675,18.880565643310547
27,8.440296173095703,3.468583044521864e-17,1.8191884110230205e-10,10.440272331237793,1.0,0.9999740719795227,18.880569458007812,8.299554824829102,1.0311261615682639e-16,3.5284700161675175e-10,10.299514770507812,1.0,0.9999624490737915,18.599069595336914
28,8.299554824829102,1.2080906671887965e-16,2.8681768071692204e-10,10.299519538879395,1.0,0.9999673962593079,18.599075317382812,8.16071605682373,3.524521828277477e-16,5.62846491636293e-10,10.160666465759277,1.0,0.9999526143074036,18.321382522583008
29,8.16071605682373,4.089754060820764e-16,4.5571085793838506e-10,10.160672187805176,1.0,0.9999588131904602,18.321388244628906,8.023816108703613,1.252221851364354e-15,8.984500365905035e-10,10.02375316619873,0.9999998807907104,0.9999400973320007,18.047569274902344
30,8.023816108703613,1.1992391993597687e-15,7.250520184243214e-10,10.023760795593262,0.9999998807907104,0.9999479055404663,18.047576904296875,7.888961315155029,4.10990253941622e-15,1.4272671933213132e-09,9.888877868652344,0.9999998807907104,0.9999244809150696,17.77783966064453
31,7.888961315155029,4.7649635159883325e-15,1.1621352768997895e-09,9.888887405395508,0.9999998807907104,0.9999338984489441,17.777849197387695,7.75625467300415,1.5817625394166576e-14,2.278267130506606e-09,9.756160736083984,0.9999998211860657,0.9999046325683594,17.512414932250977
32,7.75625467300415,1.5422979191513642e-14,1.8500003751142913e-09,9.756172180175781,0.9999998211860657,0.9999164342880249,17.512426376342773,7.62574577331543,4.6570857386392037e-14,3.610983956292557e-09,9.625627517700195,0.9999996423721313,0.9998799562454224,17.251373291015625
33,7.62574577331543,4.418187888569243e-14,2.9433693260472182e-09,9.625641822814941,0.9999996423721313,0.9998944997787476,17.251388549804688,7.497476577758789,1.3960216988483098e-13,5.722239571070986e-09,9.49732494354248,0.9999992251396179,0.9998488426208496,16.994800567626953
34,7.497476577758789,1.608483311821285e-13,4.671071085482481e-09,9.497343063354492,0.9999992251396179,0.9998668432235718,16.99481964111328,7.371452331542969,4.95671212408233e-13,9.073351847632694e-09,9.371258735656738,0.9999985694885254,0.9998096227645874,16.74271011352539
35,7.371452331542969,4.965426399043682e-13,7.405739577137638e-09,9.371280670166016,0.9999985694885254,0.9998321533203125,16.742733001708984,7.247798919677734,1.4707500625363301e-12,1.4466749576058646e-08,9.247557640075684,0.9999974966049194,0.9997596740722656,16.495357513427734
36,7.247798919677734,1.5334145628612128e-12,1.1800215915513945e-08,9.24758529663086,0.9999974966049194,0.9997876882553101,16.495384216308594,7.126514911651611,4.843803309839689e-12,2.3084208322643462e-08,9.126202583312988,0.9999955892562866,0.9996963739395142,16.252717971801758
37,7.126514911651611,4.527267883497332e-12,1.887752354434724e-08,9.126236915588379,0.9999958276748657,0.999731183052063,16.25275230407715,7.0076727867126465,1.3557680152154195e-11,3.667033610099679e-08,9.007277488708496,0.9999926686286926,0.9996172785758972,16.014949798583984
38,7.0076727867126465,1.2396876927778244e-11,3.00788727258805e-08,9.00732135772705,0.9999929666519165,0.999660313129425,16.01499366760254,6.891327857971191,3.6320394608546636e-11,5.786725409961946e-08,8.890837669372559,0.9999879598617554,0.9995192289352417,15.78216552734375
39,6.891327857971191,3.605342413504076e-11,4.75024464208218e-08,8.890891075134277,0.9999879598617554,0.9995724558830261,15.782218933105469,6.777527809143066,8.900820358537231e-11,9.043957049925666e-08,8.776905059814453,0.9999811053276062,0.9993990063667297,15.55443286895752
40,6.777527809143066,9.45950193176337e-11,7.456914374870394e-08,8.776968955993652,0.9999805688858032,0.9994637370109558,15.554496765136719,6.666274547576904,2.6351520965306463e-10,1.3855003544449573e-07,8.665497779846191,0.9999675750732422,0.9992560148239136,15.331771850585938
41,6.666274547576904,2.3618165756467135e-10,1.1501224150833878e-07,8.665576934814453,0.9999693036079407,0.9993332624435425,15.331851959228516,6.557566165924072,6.371473348920631e-10,2.1156165530555882e-07,8.556596755981445,0.99994957447052,0.9990807771682739,15.11416244506836
42,6.557566165924072,6.259063267677334e-10,1.7599970192350156e-07,8.556690216064453,0.9999500513076782,0.9991744756698608,15.114255905151367,6.451417446136475,1.464287580077439e-09,3.2325297638635675e-07,8.450204849243164,0.9999235272407532,0.998863697052002,14.901622772216797
43,6.451417446136475,1.5265266828379254e-09,2.68987975005075e-07,8.4503173828125,0.999921977519989,0.998978316783905,14.901735305786133,6.347843647003174,3.2811275918476213e-09,4.906768253931659e-07,8.346328735351562,0.9998855590820312,0.9986001253128052,14.694171905517578
44,6.347843647003174,3.4771505674768832e-09,4.077650430645008e-07,8.346465110778809,0.9998821020126343,0.9987407922744751,14.69430923461914,6.246903896331787,7.346403485541941e-09,7.322993837988179e-07,8.24502182006836,0.9998286366462708,0.998289942741394,14.491926193237305
45,6.246903896331787,7.546313796069626e-09,6.094409172874293e-07,8.24518871307373,0.9998263120651245,0.9984591603279114,14.49209213256836,6.148708343505859,1.7177695710302032e-08,1.0673716133169364e-06,8.146381378173828,0.9997379183769226,0.9979355931282043,14.295089721679688
46,6.148708343505859,1.6940212788085773e-08,8.886845535016619e-07,8.146585464477539,0.9997398257255554,0.9981377720832825,14.295293807983398,6.0532965660095215,3.455462049828384e-08,1.517127543593233e-06,8.050461769104004,0.9996283650398254,0.9975389242172241,14.103757858276367
47,6.0532965660095215,3.3787010522701166e-08,1.2641411331060226e-06,8.050704002380371,0.9996324777603149,0.9977774620056152,14.104000091552734,5.960736274719238,7.049997918784356e-08,2.1110331545060035e-06,7.957300186157227,0.9994692802429199,0.9970971941947937,13.918036460876465
48,5.96073579788208,7.55670157559507e-08,1.7615890328670503e-06,7.957559108734131,0.9994505643844604,0.9973746538162231,13.918294906616211,5.870896816253662,1.3693473022158287e-07,2.890783662223839e-06,7.866757392883301,0.9992606043815613,0.9966034889221191,13.737653732299805
49,5.870896339416504,1.4281070548349817e-07,2.4183552795875585e-06,7.86706018447876,0.9992448091506958,0.9969221949577332,13.737957000732422,5.783587455749512,2.814813058193977e-07,3.90372179026599e-06,7.778576850891113,0.9989403486251831,0.9960535168647766,13.562164306640625
50,5.783586502075195,2.7617187470241333e-07,3.2737293622631114e-06,7.778949737548828,0.998949408531189,0.9964171648025513,13.562536239624023,5.698661804199219,5.304303840603097e-07,5.149245680513559e-06,7.692668437957764,0.9985443949699402,0.995468020439148,13.39133071899414
51,5.698660850524902,5.37100788733369e-07,4.326223915995797e-06,7.693069934844971,0.9985349774360657,0.995879054069519,13.391731262207031,5.615957736968994,1.0499035170141724e-06,6.5792783061624505e-06,7.608780860900879,0.9979526400566101,0.9948779344558716,13.224739074707031
52,5.6159563064575195,1.0582878076093039e-06,5.535185664484743e-06,7.6092305183410645,0.9979439973831177,0.9953361749649048,13.225187301635742,5.53525447845459,1.984394202736439e-06,8.109120244625956e-06,7.526744842529297,0.9971861839294434,0.9943141937255859,13.061999320983887
53,5.535253524780273,2.0361924271128373e-06,6.828379810031038e-06,7.527210235595703,0.9971486926078796,0.9948171377182007,13.062463760375977,5.4565582275390625,3.7563324895018013e-06,9.677074558567256e-06,7.4464592933654785,0.9961279034614563,0.9937896728515625,12.903017044067383
54,5.456556797027588,3.7476481793419225e-06,8.140463251038454e-06,7.447011947631836,0.9961321949958801,0.9943382143974304,12.903568267822266,5.379784107208252,6.921354270161828e-06,1.1239173545618542e-05,7.3678202629089355,0.994746208190918,0.993307888507843,12.747604370117188
55,5.379782199859619,7.141251444409136e-06,9.486544513492845e-06,7.3683180809021,0.9946670532226562,0.9938847422599792,12.748100280761719,5.304873466491699,1.2822913049603812e-05,1.2971041542186867e-05,7.290513038635254,0.992853045463562,0.9928115606307983,12.595386505126953
56,5.304872035980225,1.3143804608262144e-05,1.0960688996419776e-05,7.2910356521606445,0.992763340473175,0.9934239387512207,12.595907211303711,5.231839656829834,2.262555790366605e-05,1.5113738299987745e-05,7.214553356170654,0.9905122518539429,0.9922415614128113,12.446393013000488
57,5.231836795806885,2.2486832676804624e-05,1.2763737686327659e-05,7.215240001678467,0.9905393719673157,0.9929011464118958,12.447076797485352,5.160649299621582,3.7990528653608635e-05,1.8109369193552993e-05,7.1398186683654785,0.9877163171768188,0.991508960723877,12.300468444824219
58,5.160644054412842,3.596319584175944e-05,1.5297408026526682e-05,7.14086389541626,0.9880439639091492,0.9922266006469727,12.301507949829102,5.091337203979492,5.463402339955792e-05,2.2878386516822502e-05,7.066996097564697,0.9852770566940308,0.9904586672782898,12.158332824707031
59,5.091334819793701,5.5521442845929414e-05,1.9373317627469078e-05,7.0676655769348145,0.98515385389328,0.9912512898445129,12.159000396728516,5.023846626281738,7.478373299818486e-05,3.1204377592075616e-05,6.995385646820068,0.9827836751937866,0.9888613820075989,12.019231796264648
60,5.023842811584473,7.579589873785153e-05,2.6555517251836136e-05,6.9961676597595215,0.9826686978340149,0.9897583723068237,12.020009994506836,4.9581522941589355,8.905894355848432e-05,4.557613647193648e-05,6.92578125,0.9812177419662476,0.9865462183952332,11.883934020996094
61,4.958143711090088,8.705253276275471e-05,3.90657878597267e-05,6.927031517028809,0.9814314842224121,0.9875829815864563,11.885175704956055,4.894293785095215,9.960364695871249e-05,6.838163244538009e-05,6.857799530029297,0.980141818523407,0.983532726764679,11.752093315124512
62,4.894283771514893,9.894392860587686e-05,5.913507629884407e-05,6.859066009521484,0.9802085757255554,0.984732449054718,11.753349304199219,4.832278728485107,0.00010457403550390154,9.840478014666587e-05,6.791993618011475,0.9796563386917114,0.9802621006965637,11.624272346496582
63,4.832269191741943,0.00010810642561409622,8.571297803428024e-05,6.793023586273193,0.979317843914032,0.9816306829452515,11.625292778015137,4.772037029266357,0.00011840400838991627,0.00012480017903726548,6.727941513061523,0.9783617258071899,0.9777859449386597,11.499979019165039
64,4.772022724151611,0.00011947848543059081,0.00010932586155831814,6.729318141937256,0.9782601594924927,0.9792642593383789,11.501340866088867,4.7133331298828125,0.00013635444338433444,0.00013444849173538387,6.666794776916504,0.9767834544181824,0.9769481420516968,11.380127906799316
65,4.713321208953857,0.00014109633048065007,0.00011778256157413125,6.667932033538818,0.9763914942741394,0.9784771203994751,11.381253242492676,4.656094551086426,0.0001681755093159154,0.0001306593039771542,6.607301712036133,0.9742339253425598,0.9772736430168152,11.263396263122559
66,4.656078815460205,0.00016891039558686316,0.00011410003207856789,6.6087822914123535,0.97417813539505,0.97881019115448,11.264861106872559,4.600189208984375,0.00018249027198180556,0.00012905130279250443,6.550457954406738,0.9731672406196594,0.9774133563041687,11.150647163391113
67,4.600174903869629,0.00018470719805918634,0.00011248418741161004,6.551841735839844,0.9730082750320435,0.9789563417434692,11.152016639709473,4.545486927032471,0.00019040379265788943,0.0001369984820485115,6.494486331939697,0.9725953340530396,0.9767323732376099,11.039973258972168
68,4.54547643661499,0.00019714908557944,0.00011975979577982798,6.49556827545166,0.9721196293830872,0.9782899618148804,11.041044235229492,4.49195671081543,0.0001902805088320747,0.0001559768570587039,6.4394001960754395,0.9726061820983887,0.9751828908920288,10.931356430053711
69,4.491933345794678,0.00018611791892908514,0.00013671544729731977,6.441328525543213,0.9729025959968567,0.9768146276473999,10.93326187133789,4.4395833015441895,0.0001864155346993357,0.00017257369472645223,6.386011123657227,0.9728837013244629,0.9739044308662415,10.825593948364258
70,4.43956995010376,0.00019404136401135474,0.00015121290925890207,6.387184143066406,0.9723380208015442,0.9756227731704712,10.826753616333008,4.388354301452637,0.00019751470244955271,0.0001791567774489522,6.333485126495361,0.9720913171768188,0.9734148979187012,10.721839904785156
71,4.388329982757568,0.00019569741562008858,0.00015646043175365776,6.335404872894287,0.9722205400466919,0.9752052426338196,10.723734855651855,4.338240623474121,0.00021783616102766246,0.00017478309746365994,6.282291412353516,0.9707023501396179,0.9737394452095032,10.620532035827637
72,4.33821439743042,0.0002140992583008483,0.00015241059008985758,6.284328937530518,0.9709547162055969,0.9755242466926575,10.622543334960938,4.28917932510376,0.000239332061028108,0.00016890013648662716,6.232255935668945,0.9692999124526978,0.9741823077201843,10.521434783935547
73,4.289154052734375,0.00023642214364372194,0.00014672336692456156,6.2342400550842285,0.9694863557815552,0.9759801030158997,10.523393630981445,4.2411699295043945,0.0002488680474925786,0.00017579276754986495,6.1831159591674805,0.9687060117721558,0.9736642837524414,10.424285888671875
74,4.241144180297852,0.00024636954185552895,0.00015262582746800035,6.185111999511719,0.9688630104064941,0.9755029678344727,10.42625617980957,4.194201946258545,0.0002444350684527308,0.00019571770098991692,6.134964942932129,0.9689794778823853,0.9722221493721008,10.329166412353516
75,4.1941680908203125,0.00023654827964492142,0.0001699973363429308,6.137396335601807,0.9694787263870239,0.974153995513916,10.331563949584961,4.148319244384766,0.00024696902255527675,0.00021035713143646717,6.087899684906006,0.9688283801078796,0.9712094068527222,10.23621940612793
76,4.148285865783691,0.00024061711155809462,0.00018313385953661054,6.090264797210693,0.9692233204841614,0.973179817199707,10.238550186157227,4.103466510772705,0.0002757344045676291,0.00021489807113539428,6.040946006774902,0.9670684933662415,0.9709026217460632,10.144412994384766
77,4.103422164916992,0.00025900459149852395,0.00018720669322647154,6.043933391571045,0.9680746793746948,0.9728841781616211,10.147356033325195,4.059632778167725,0.0002833679609466344,0.00021897759870626032,5.996387481689453,0.9666253924369812,0.970629870891571,10.056020736694336
78,4.059598922729492,0.0002776580804493278,0.00019061335478909314,5.998723983764648,0.9669539332389832,0.972637951374054,10.05832290649414,4.016790390014648,0.0002856164355762303,0.00022809556685388088,5.952803611755371,0.9664995074272156,0.9700294733047485,9.96959400177002
79,4.016755104064941,0.0002800826041493565,0.00019862297631334513,5.955156326293945,0.9668102264404297,0.9720709919929504,9.971911430358887,3.974879026412964,0.0003061117313336581,0.0002371804293943569,5.909100532531738,0.9653245806694031,0.9694429636001587,9.883979797363281
80,3.9748449325561523,0.0003024220932275057,0.00020679691806435585,5.911365985870361,0.9655283093452454,0.9715043306350708,9.886211395263672,3.933871030807495,0.00030860022525303066,0.00024979826412163675,5.867142677307129,0.9651795625686646,0.9686471223831177,9.801013946533203
81,3.9338276386260986,0.00029682941385544837,0.00021817073866259307,5.86989164352417,0.9658400416374207,0.9707352519035339,9.803719520568848,3.893794536590576,0.0003306755388621241,0.00025787620688788593,5.825345993041992,0.9639937281608582,0.9681485295295715,9.719141006469727
82,3.8937485218048096,0.00031683436827734113,0.0002256914012832567,5.828172206878662,0.9647312164306641,0.9702370762825012,9.72192096710205,3.854437828063965,0.000332120165694505,0.00026431234437040985,5.785490036010742,0.9638895988464355,0.9677569270133972,9.639927864074707
83,3.8544082641601562,0.00033476055250503123,0.00023189911735244095,5.787424564361572,0.9637483358383179,0.969832718372345,9.64183235168457,3.815866470336914,0.00034744531149044633,0.0002730698906816542,5.745567321777344,0.9630869626998901,0.9672315716743469,9.561433792114258
84,3.8158397674560547,0.0003536414005793631,0.00024015142116695642,5.747310161590576,0.9627553224563599,0.9693062901496887,9.563150405883789,3.7780685424804688,0.00035064233816228807,0.0002890886680688709,5.706624984741211,0.9629012942314148,0.9662922620773315,9.48469352722168
85,3.7780208587646484,0.0003371517523191869,0.0002548002521507442,5.7094407081604,0.9636171460151672,0.9683923721313477,9.48746109008789,3.7411022186279297,0.000392665941035375,0.00029046155395917594,5.667398929595947,0.9607688188552856,0.966213047504425,9.408500671386719
86,3.7410569190979004,0.0003822780563496053,0.0002556658582761884,5.670054912567139,0.9613004922866821,0.96833735704422,9.411111831665039,3.7048630714416504,0.0003520652244333178,0.00031139055499807,5.632056713104248,0.9628260731697083,0.9650276303291321,9.336919784545898
87,3.7048304080963135,0.0003566304803825915,0.0002740398922469467,5.634047031402588,0.9626139402389526,0.967229962348938,9.33887767791748,3.6694412231445312,0.0003628550039138645,0.0003168218245264143,5.595760822296143,0.9622746706008911,0.9647266268730164,9.265201568603516
88,3.669428586959839,0.0003885716723743826,0.00027859481633640826,5.5966997146606445,0.960980236530304,0.966960072517395,9.266128540039062,3.6347880363464355,0.00037057482404634356,0.0003243630053475499,5.560283184051514,0.9618752598762512,0.9643131494522095,9.19507122039795
89,3.6347556114196777,0.00037707918090745807,0.00028553142328746617,5.562199115753174,0.9615510702133179,0.9665533900260925,9.196954727172852,3.6008284091949463,0.00037986953975632787,0.00031922501511871815,5.526125431060791,0.9614021182060242,0.9645944833755493,9.126954078674316
90,3.600804090499878,0.0003935180138796568,0.00028135537286289036,5.527646064758301,0.9607216715812683,0.9667953252792358,9.128450393676758,3.5675084590911865,0.00040581473149359226,0.0003181706415489316,5.491567611694336,0.960131824016571,0.9646526575088501,9.059076309204102
91,3.567497491836548,0.00043227110290899873,0.0002805112162604928,5.492489814758301,0.9588607549667358,0.9668463468551636,9.05998706817627,3.534843683242798,0.0004165770369581878,0.0003474460099823773,5.456765174865723,0.9596074223518372,0.9630772471427917,8.991608619689941
92,3.534797430038452,0.0004111517337150872,0.00030684706871397793,5.459344863891602,0.9599224328994751,0.9653421640396118,8.994142532348633,3.5027689933776855,0.00044255517423152924,0.00035502196988090873,5.423116683959961,0.9584596753120422,0.9626806378364563,8.925886154174805
93,3.502716541290283,0.0004310783988330513,0.0003139578620903194,5.4258599281311035,0.958936870098114,0.9649466276168823,8.928576469421387,3.471249580383301,0.00041247918852604926,0.00034921677433885634,5.393283367156982,0.959811806678772,0.962984561920166,8.864532470703125
94,3.471247434616089,0.00045079615665599704,0.0003086593933403492,5.393731594085693,0.9580057263374329,0.9652385711669922,8.864978790283203,3.4403722286224365,0.00044920179061591625,0.00035143259447067976,5.360535144805908,0.9580913782119751,0.9628686904907227,8.800907135009766
95,3.4402987957000732,0.0004167664737906307,0.0003103415365330875,5.364309310913086,0.9595905542373657,0.9651438593864441,8.804608345031738,3.410094738006592,0.0005346304969862103,0.000329123082337901,5.327724456787109,0.954440712928772,0.9640558958053589,8.73781967163086
96,3.410029888153076,0.0005091543425805867,0.00028982743970118463,5.331005096435547,0.9554755091667175,0.9663017988204956,8.741035461425781,3.3802578449249268,0.00045359641080722213,0.0003736655053216964,5.299026966094971,0.957873523235321,0.9617234468460083,8.679285049438477
97,3.3802168369293213,0.0004556102794595063,0.00033061220892705023,5.3012847900390625,0.957819938659668,0.964034914970398,8.681501388549805,3.3509714603424072,0.00047854435979388654,0.0003940831811632961,5.267650127410889,0.9568525552749634,0.9607016444206238,8.618621826171875
98,3.350909948348999,0.0004624107968993485,0.0003488902293611318,5.270655632019043,0.9574960470199585,0.9630635976791382,8.621565818786621,3.3220982551574707,0.0004291401128284633,0.0003817765391431749,5.241629600524902,0.9590266346931458,0.9613140821456909,8.563728332519531
99,3.3220791816711426,0.000454318942502141,0.0003374472726136446,5.2428388595581055,0.9578853845596313,0.963664710521698,8.564918518066406,3.2938480377197266,0.0005214051925577223,0.0003547163214534521,5.2105913162231445,0.9549223184585571,0.9626973867416382,8.504439353942871
100,3.2938249111175537,0.0005407684366218746,0.0003123138740193099,5.212087631225586,0.9540895223617554,0.9650269746780396,8.505912780761719,3.2661521434783936,0.0005538863479159772,0.0004035249294247478,5.179104804992676,0.9536685943603516,0.9602386355400085,8.445257186889648
101,3.2660467624664307,0.0004954549367539585,0.0003567264066077769,5.183873176574707,0.9560227394104004,0.9626529812812805,8.449919700622559,3.238884925842285,0.0004927857080474496,0.00043825479224324226,5.152688980102539,0.9561541676521301,0.9585806131362915,8.391573905944824
102,3.2388408184051514,0.0004993379698134959,0.0003874558606185019,5.1549248695373535,0.9558738470077515,0.9610969424247742,8.393765449523926,3.2121198177337646,0.0005094163352623582,0.00042318302439525723,5.125913143157959,0.9554324150085449,0.9592918157577515,8.338032722473145
103,3.2120468616485596,0.00048581743612885475,0.0003738032537512481,5.129443645477295,0.9564759135246277,0.9617788195610046,8.341490745544434,3.185814142227173,0.0006145076476968825,0.00037975230952724814,5.097303867340088,0.9510677456855774,0.9614163637161255,8.28311824798584
104,3.1857218742370605,0.0005678313900716603,0.0003343267599120736,5.101681232452393,0.9530364871025085,0.9638248682022095,8.287403106689453,3.1599276065826416,0.000573827768675983,0.00040858183638192713,5.071652412414551,0.952710747718811,0.9599930644035339,8.231579780578613
105,3.159912347793579,0.000606787099968642,0.00036037113750353456,5.072902679443359,0.9514980316162109,0.9624560475349426,8.23281478881836,3.134641170501709,0.000551571836695075,0.0005100831622257829,5.042737007141113,0.9538038372993469,0.9553523063659668,8.177377700805664
106,3.1345815658569336,0.0005491513293236494,0.00045302388025447726,5.045385360717773,0.9538362622261047,0.9579678773880005,8.179966926574707,3.109717845916748,0.0005357675836421549,0.000515602296218276,5.0180583000183105,0.9542767405509949,0.9551142454147339,8.127776145935059
107,3.109644651412964,0.000520651345141232,0.00045744283124804497,5.021334171295166,0.9549022912979126,0.9577642679214478,8.13097858428955,3.08518648147583,0.0006524290656670928,0.00040947162779048085,4.9937238693237305,0.949647068977356,0.9599504470825195,8.078910827636719
108,3.085136890411377,0.0006522719631902874,0.0003598627226892859,4.996311187744141,0.9497081637382507,0.9624765515327454,8.08144760131836,3.061032295227051,0.0006166519015096128,0.0004296506231185049,4.970016002655029,0.951045036315918,0.9589856863021851,8.031047821044922
109,3.061002254486084,0.0006384042790159583,0.00037791585782542825,4.971741676330566,0.9501973390579224,0.9615589380264282,8.032743453979492,3.0373706817626953,0.0006051618256606162,0.000528594246134162,4.94222354888916,0.9514247179031372,0.9545595049858093,7.9795942306518555
110,3.0372657775878906,0.000559481093659997,0.0004691862559411675,4.946767330169678,0.953294575214386,0.9572331309318542,7.984033107757568,3.014016628265381,0.0006119135650806129,0.0005188030190765858,4.919212818145752,0.9513500928878784,0.9549776911735535,7.933229446411133
111,3.0141396522521973,0.0007937809568829834,0.00046008056960999966,4.915478706359863,0.9449515342712402,0.9576421976089478,7.9296183586120605,2.9913458824157715,0.0007293001399375498,0.0005958987167105079,4.888750076293945,0.9469414949417114,0.9517881274223328,7.880095958709717
112,2.991187810897827,0.0006350773037411273,0.0005320397904142737,4.8947954177856445,0.9502770304679871,0.9544976353645325,7.885983467102051,2.9688735008239746,0.0007807998917996883,0.0005425537237897515,4.8669538497924805,0.9454329609870911,0.9539709091186523,7.835827350616455
113,2.968648910522461,0.0006162024801596999,0.0004827195662073791,4.875256538391113,0.9510849714279175,0.956621527671814,7.843905448913574,2.947110176086426,0.0011995777022093534,0.0004625186265911907,4.835629940032959,0.9327161908149719,0.9574636220932007,7.782740116119385
114,2.946707248687744,0.0008512046188116074,0.00040793418884277344,4.8481974601745605,0.9426741600036621,0.9600734710693359,7.794904708862305,2.92512845993042,0.000769744801800698,0.00061868189368397,4.8200788497924805,0.9454542398452759,0.9508875012397766,7.7452073097229
115,2.924954414367676,0.0006612009601667523,0.0005531652132049203,4.826639652252197,0.9492847323417664,0.9536182284355164,7.751594066619873,2.9038748741149902,0.0008176750270649791,0.0006570176919922233,4.796720504760742,0.9449132084846497,0.9494088292121887,7.700595378875732
116,2.9037415981292725,0.0007522859377786517,0.0005889393505640328,4.801652908325195,0.9470887184143066,0.952165961265564,7.705394744873047,2.8831899166107178,0.0011666830396279693,0.0005843931576237082,4.768083095550537,0.9343923330307007,0.9522512555122375,7.651272773742676
117,2.882864475250244,0.0009038274874910712,0.0005217565922066569,4.777667999267578,0.941302478313446,0.9549261927604675,7.660532474517822,2.8624765872955322,0.0009137981687672436,0.0006668784189969301,4.751241207122803,0.941309928894043,0.9490357637405396,7.613718032836914
118,2.8621726036071777,0.0006788540631532669,0.0005978283588774502,4.761554718017578,0.9488533139228821,0.9518058896064758,7.623727321624756,2.842064619064331,0.0008013943443074822,0.0005891328910365701,4.737216472625732,0.9444810152053833,0.9520613551139832,7.579280853271484
119,2.841935396194458,0.000736580288503319,0.0005246577202342451,4.743075370788574,0.9476016759872437,0.954799473285675,7.585010528564453,2.822802782058716,0.0014946957817301154,0.0005317312898114324,4.701103687286377,0.9258953332901001,0.9544288516044617,7.523906707763672
120,2.823106050491333,0.0018579413881525397,0.00047154552885331213,4.695336818695068,0.9174443483352661,0.9571132659912109,7.5184431076049805,2.8043112754821777,0.0005774315213784575,0.0020905015990138054,4.665277004241943,0.9529547691345215,0.9106816053390503,7.469588279724121
121,2.804076910018921,0.0004899957566522062,0.0019436475122347474,4.672276973724365,0.9565555453300476,0.9140810966491699,7.476353645324707,2.7846262454986572,0.0014662743778899312,0.00042600539745762944,4.66732931137085,0.9254301190376282,0.9591609239578247,7.451955795288086
122,2.7846689224243164,0.0015612812712788582,0.0003736342769116163,4.668115139007568,0.9236131906509399,0.9617635011672974,7.452784061431885,2.766741991043091,0.0020165061578154564,0.00039880527765490115,4.641695499420166,0.9168945550918579,0.9604732394218445,7.408437728881836
123,2.7660269737243652,0.0013518568594008684,0.0003483674372546375,4.657816410064697,0.9304221272468567,0.9630664587020874,7.4238433837890625,2.748203754425049,0.0009147243690676987,0.0010240800911560655,4.62453556060791,0.9412158131599426,0.937052845954895,7.372739315032959
124,2.748159408569336,0.000952215981669724,0.0009419184061698616,4.626429557800293,0.9403536915779114,0.9398089647293091,7.374588966369629,2.7315852642059326,0.0016809722874313593,0.0013664914295077324,4.580021858215332,0.9240120053291321,0.927473247051239,7.311607360839844
125,2.730957508087158,0.001151061849668622,0.0012686754344031215,4.594566345214844,0.9356784820556641,0.9303510785102844,7.325523853302002,2.7145676612854004,0.002716237213462591,0.0006348616443574429,4.564358234405518,0.902880847454071,0.9502633213996887,7.278925895690918
126,2.7144522666931152,0.0026592884678393602,0.0005763846565969288,4.56735372543335,0.9034322500228882,0.9527076482772827,7.281805992126465,2.6982340812683105,0.0007187205483205616,0.0027492973022162914,4.541061878204346,0.9483462572097778,0.8979496955871582,7.239295959472656
127,2.697967767715454,0.0005785213434137404,0.002623325679451227,4.548498630523682,0.9529932141304016,0.9007395505905151,7.246466636657715,2.683718204498291,0.004876489285379648,0.00029850867576897144,4.516307830810547,0.8720027208328247,0.9657581448554993,7.200026035308838
128,2.682360887527466,0.0035576634109020233,0.0002599231374915689,4.538110733032227,0.8914963006973267,0.968067467212677,7.220471382141113,2.6654486656188965,0.0015109276864677668,0.0010215758811682463,4.535488605499268,0.9354313611984253,0.9371439218521118,7.200937271118164
129,2.6647109985351562,0.000829799915663898,0.0009650817373767495,4.545934200286865,0.9438236355781555,0.9391973614692688,7.2106451988220215,2.6545424461364746,0.0051048994064331055,0.0019277369137853384,4.441906929016113,0.8801966905593872,0.9141956567764282,7.096449375152588
130,2.6526691913604736,0.0032939319498836994,0.0018654338782653213,4.4616804122924805,0.8980520963668823,0.9161138534545898,7.114349365234375,2.6387722492218018,0.0007576644420623779,0.005033446010202169,4.44996976852417,0.9536868929862976,0.8632972836494446,7.088742256164551
131,2.638423204421997,0.0003977530577685684,0.005044256336987019,4.458892822265625,0.9617223739624023,0.8641846776008606,7.097315788269043,2.6997222900390625,0.0798472985625267,3.4963675716426224e-05,4.132265090942383,0.5242071747779846,0.988216757774353,6.831987380981445
132,2.76141357421875,0.14154449105262756,2.8801707230741158e-05,4.064449310302734,0.45530223846435547,0.9893051385879517,6.825862884521484,3.634047746658325,1.7091994664042431e-07,0.9958738088607788,3.6373751163482666,0.9991970062255859,4.3398968045949005e-06,7.271422863006592
133,3.6347832679748535,1.2264189308552886e-07,0.9966095685958862,3.637491226196289,0.9993146061897278,2.9916541279817466e-06,7.272274494171143,3.662806510925293,1.2569806306927944e-11,0.9999866485595703,3.6628129482269287,0.9999931454658508,4.638877129647945e-11,7.325619697570801
134,3.6628103256225586,1.2474098143311352e-11,0.9999905824661255,3.662813186645508,0.9999933242797852,2.3609758245668466e-11,7.325623512268066,3.679985523223877,2.9022601379449786e-15,0.9999998807907104,3.679985523223877,0.9999998807907104,1.8894780895060623e-15,7.359971046447754
135,3.679985761642456,2.520149599394934e-15,1.0,3.679985523223877,0.9999998807907104,7.276147483394817e-16,7.359971046447754,3.6899077892303467,1.3088740428295277e-18,1.0,3.6899077892303467,1.0,1.7167787231656583e-19,7.379815578460693
136,3.6899077892303467,1.011405005304433e-18,1.0,3.6899077892303467,1.0,5.085341939205784e-20,7.379815578460693,3.6942172050476074,1.4076549103347025e-21,1.0,3.6942172050476074,1.0,3.535638605143297e-23,7.388434410095215
137,3.6942172050476074,8.77691035526418e-22,1.0,3.6942172050476074,1.0,8.229905778549463e-24,7.388434410095215,3.6944286823272705,1.9447712954627608e-24,1.0,3.6944286823272705,1.0,1.6957297011104516e-26,7.388857364654541
138,3.6944286823272705,1.8741392538072134e-24,1.0,3.6944286823272705,1.0,3.172755805154144e-27,7.388857364654541,3.6915504932403564,4.780413885465734e-27,1.0,3.6915504932403564,1.0,1.8293593030773527e-29,7.383100986480713
139,3.6915504932403564,4.188711199023621e-27,1.0,3.6915504932403564,1.0,2.810183438691601e-30,7.383100986480713,3.6860511302948,1.5821416692011154e-29,1.0,3.6860511302948,1.0,4.390033234801975e-32,7.3721022605896
140,3.6860511302948,6.204899705809819e-29,1.0,3.6860511302948,1.0,5.6583313217853465e-33,7.3721022605896,3.678178548812866,1.8986225053210236e-31,1.0,3.678178548812866,1.0,2.3304428052666284e-34,7.356357097625732
141,3.678178548812866,2.1892778245929142e-31,1.0,3.678178548812866,1.0,2.578251134127501e-35,7.356357097625732,3.668337106704712,1.9165827071830847e-32,1.0,3.668337106704712,1.0,2.6685979984167155e-36,7.336674213409424
142,3.668337106704712,1.1047869697207853e-32,1.0,3.668337106704712,1.0,2.5827388047909276e-37,7.336674213409424,3.6567320823669434,2.1252407512876646e-34,1.0,3.6567320823669434,1.0,6.132731161334075e-38,7.313464164733887
143,3.6567320823669434,2.773024234368393e-34,1.0,3.6567320823669434,1.0,0.0,7.313464164733887,3.6436309814453125,3.21168618189132e-35,1.0,3.6436309814453125,1.0,0.0,7.287261962890625
144,3.6436309814453125,9.357501829748259e-36,1.0,3.6436309814453125,1.0,0.0,7.287261962890625,3.629660129547119,8.548314161831717e-36,1.0,3.629660129547119,1.0,0.0,7.259320259094238
145,3.629660129547119,3.8900418451360064e-36,1.0,3.629660129547119,1.0,0.0,7.259320259094238,3.614680290222168,9.623936693117376e-37,1.0,3.614680290222168,1.0,0.0,7.229360580444336
146,3.614680290222168,3.056115362660194e-37,1.0,3.614680290222168,1.0,0.0,7.229360580444336,3.598888397216797,8.275566504932756e-37,1.0,3.598888397216797,1.0,0.0,7.197776794433594
147,3.598888397216797,3.873695216502986e-37,1.0,3.598888397216797,1.0,0.0,7.197776794433594,3.582894802093506,7.045474427031813e-37,1.0,3.582894802093506,1.0,0.0,7.165789604187012
148,3.582894802093506,2.5805377572670434e-37,1.0,3.582894802093506,1.0,0.0,7.165789604187012,3.566392660140991,2.3939883858014606e-37,1.0,3.566392660140991,1.0,0.0,7.132785320281982
149,3.566392660140991,1.846333256285667e-37,1.0,3.566392660140991,1.0,0.0,7.132785320281982,3.5489227771759033,4.395654455818762e-37,1.0,3.5489227771759033,1.0,0.0,7.097845554351807
150,3.5489227771759033,1.91929102005166e-37,1.0,3.5489227771759033,1.0,0.0,7.097845554351807,3.531545639038086,4.351906141970296e-37,1.0,3.531545639038086,1.0,0.0,7.063091278076172
151,3.531545639038086,8.713038881445215e-37,1.0,3.531545639038086,1.0,0.0,7.063091278076172,3.5144035816192627,1.0768334325250384e-36,1.0,3.5144035816192627,1.0,0.0,7.028807163238525
152,3.5144035816192627,2.2088691459174046e-36,1.0,3.5144035816192627,1.0,0.0,7.028807163238525,3.497014284133911,3.131215184889917e-36,1.0,3.497014284133911,1.0,0.0,6.994028568267822
153,3.497014284133911,5.309715300805373e-36,1.0,3.497014284133911,1.0,0.0,6.994028568267822,3.4796435832977295,2.080059782175189e-35,1.0,3.4796435832977295,1.0,0.0,6.959287166595459
154,3.4796435832977295,1.2178054032826408e-35,1.0,3.4796435832977295,1.0,0.0,6.959287166595459,3.4620184898376465,5.257058692716896e-35,1.0,3.4620184898376465,1.0,0.0,6.924036979675293
155,3.4620184898376465,7.595317272678421e-35,1.0,3.4620184898376465,1.0,0.0,6.924036979675293,3.4440293312072754,3.3610083453596245e-34,1.0,3.4440293312072754,1.0,1.8311434051401403e-38,6.888058662414551
156,3.4440293312072754,2.776677450405558e-34,1.0,3.4440293312072754,1.0,0.0,6.888058662414551,3.4265103340148926,1.2024188652568797e-33,1.0,3.4265103340148926,1.0,1.5045111587666e-37,6.853020668029785
157,3.4265103340148926,8.422702632034741e-34,1.0,3.4265103340148926,1.0,0.0,6.853020668029785,3.409839391708374,4.875742651647547e-33,1.0,3.409839391708374,1.0,1.2135082374638808e-36,6.819678783416748
158,3.409839391708374,9.925972011311308e-33,1.0,3.409839391708374,1.0,1.1124163017491702e-37,6.819678783416748,3.393167018890381,3.5166394627730767e-32,1.0,3.393167018890381,1.0,1.0632992838984765e-35,6.786334037780762
159,3.393167018890381,3.3725814545854545e-32,1.0,3.393167018890381,1.0,1.0619802965849074e-36,6.786334037780762,3.3759870529174805,2.0972053487737973e-31,1.0,3.3759870529174805,1.0,9.955028624542452e-35,6.751974105834961
160,3.3759870529174805,4.254746471586601e-31,1.0,3.3759870529174805,1.0,1.0641692817316107e-35,6.751974105834961,3.3588781356811523,1.9339101404360982e-30,1.0,3.3588781356811523,1.0,9.877960046577925e-34,6.717756271362305
161,3.3588781356811523,2.486479001706794e-30,1.0,3.3588781356811523,1.0,1.1320524877197113e-34,6.717756271362305,3.342155933380127,2.255672472674251e-29,1.0,3.342155933380127,1.0,1.0166217342680459e-32,6.684311866760254
162,3.342155933380127,1.7203388788464982e-29,1.0,3.342155933380127,1.0,1.251321817973987e-33,6.684311866760254,3.3263890743255615,1.171635389066843e-28,1.0,3.3263890743255615,1.0,1.0672533028559152e-31,6.652778148651123
163,3.3263890743255615,2.3684243861723557e-28,1.0,3.3263890743255615,1.0,1.410768957392193e-32,6.652778148651123,3.3108811378479004,1.4826388416806202e-27,1.0,3.3108811378479004,1.0,1.1217425676620108e-30,6.621762275695801
164,3.3108811378479004,8.287235143204472e-28,1.0,3.3108811378479004,1.0,1.5948915746377613e-31,6.621762275695801,3.294931173324585,1.1878476458567513e-26,1.0,3.294931173324585,1.0,1.1571954584749014e-29,6.58986234664917
165,3.294931173324585,1.1629270368227537e-26,1.0,3.294931173324585,1.0,1.7642983426745945e-30,6.58986234664917,3.278787851333618,7.198078426229741e-26,1.0,3.278787851333618,1.0,1.1443414710068518e-28,6.557575702667236
166,3.278787851333618,7.261081911760865e-26,1.0,3.278787851333618,1.0,1.8680042911176978e-29,6.557575702667236,3.262913227081299,5.3272634815809355e-25,1.0,3.262913227081299,1.0,1.0935520742938111e-27,6.525826454162598
167,3.262913227081299,4.833255116904381e-25,1.0,3.262913227081299,1.0,1.9092212984134613e-28,6.525826454162598,3.247938871383667,4.1407880839207195e-24,1.0,3.247938871383667,1.0,1.0150720853597834e-26,6.495877742767334
168,3.247938871383667,4.880530564878145e-24,1.0,3.247938871383667,1.0,1.893698928988932e-27,6.495877742767334,3.2340750694274902,2.495672703054307e-23,1.0,3.2340750694274902,1.0,8.922327452031074e-26,6.4681501388549805
169,3.2340750694274902,3.0895762596529894e-23,1.0,3.2340750694274902,1.0,1.7721888117538338e-26,6.4681501388549805,3.2200405597686768,1.8449526703800933e-22,1.0,3.2200405597686768,1.0,7.343114201440117e-25,6.4400811195373535
170,3.2200405597686768,1.889028537965326e-22,1.0,3.2200405597686768,1.0,1.553208081071797e-25,6.4400811195373535,3.205315351486206,9.95776217652352e-22,1.0,3.205315351486206,1.0,5.6079194840598095e-24,6.410630702972412
171,3.205315351486206,1.2040181290690098e-21,1.0,3.205315351486206,1.0,1.2615982272339604e-24,6.410630702972412,3.190483570098877,6.218371048442516e-21,1.0,3.190483570098877,1.0,3.9794454395333963e-23,6.380967140197754
172,3.190483570098877,6.793825010179816e-21,1.0,3.190483570098877,1.0,9.491869445597767e-24,6.380967140197754,3.1765036582946777,2.7841393691326124e-20,1.0,3.1765036582946777,1.0,2.642717353975026e-22,6.3530073165893555
173,3.1765036582946777,3.8578282052795385e-20,1.0,3.1765036582946777,1.0,6.667422078669231e-23,6.3530073165893555,3.1630992889404297,1.5247973408224604e-19,1.0,3.1630992889404297,1.0,1.6737296914607272e-21,6.326198577880859
174,3.1630992889404297,1.2309171297825036e-19,1.0,3.1630992889404297,1.0,4.456569845809941e-22,6.326198577880859,3.149954319000244,8.660238767451756e-19,1.0,3.149954319000244,1.0,1.0148827569429415e-20,6.299908638000488
175,3.149954319000244,7.956583103722803e-19,1.0,3.149954319000244,1.0,2.8504553031801052e-21,6.299908638000488,3.1366748809814453,3.680440046700578e-18,1.0,3.1366748809814453,1.0,5.857150887684056e-20,6.273349761962891
176,3.1366748809814453,4.6732342120056036e-18,1.0,3.1366748809814453,1.0,1.7318258816780794e-20,6.273349761962891,3.123457431793213,1.5827930621996e-17,1.0,3.123457431793213,1.0,3.166097125562362e-19,6.246914863586426
177,3.123457431793213,1.534337649096856e-17,1.0,3.123457431793213,1.0,9.833167692860937e-20,6.246914863586426,3.110598564147949,7.780655394553851e-17,1.0,3.110598564147949,1.0,1.5997249116711622e-18,6.221197128295898
178,3.110598564147949,8.146610023714661e-17,1.0,3.110598564147949,1.0,5.207537776806548e-19,6.221197128295898,3.09783673286438,2.7817181380673903e-16,1.0,3.09783673286438,1.0,7.608784468622073e-18,6.19567346572876
179,3.09783673286438,3.6610198642385273e-16,1.0,3.09783673286438,1.0,2.5924775111504072e-18,6.19567346572876,3.0851218700408936,1.1113317907531124e-15,1.0,3.0851218700408936,0.9999998807907104,3.392446363092278e-17,6.170243740081787
180,3.0851218700408936,1.1277142549859578e-15,1.0,3.0851218700408936,0.9999998807907104,1.207747387234587e-17,6.170243740081787,3.072699785232544,2.932566553281264e-15,1.0,3.072699785232544,0.9999998807907104,1.4131074481845134e-16,6.145399570465088
181,3.072699785232544,3.2526905854765283e-15,1.0,3.072699785232544,0.9999998807907104,5.245273363440426e-17,6.145399570465088,3.0604867935180664,1.287693537140467e-14,1.0,3.0604865550994873,0.9999998211860657,5.5314761348481e-16,6.120973587036133
182,3.0604867935180664,9.509329731798282e-15,1.0,3.0604865550994873,0.9999998211860657,2.1347456379272871e-16,6.120973587036133,3.048353910446167,3.4119700066583686e-14,0.9999998807907104,3.048353672027588,0.9999996423721313,2.0475187673541905e-15,6.096707344055176
183,3.048353910446167,3.597654197663204e-14,1.0,3.048353672027588,0.9999996423721313,8.207170100116485e-16,6.096707344055176,3.0361688137054443,1.1957539721840077e-13,0.9999998211860657,3.036168336868286,0.9999993443489075,7.21644288379994e-15,6.0723371505737305
184,3.0361688137054443,1.0294869611741225e-13,0.9999998807907104,3.036168336868286,0.9999994039535522,3.0006406854279606e-15,6.0723371505737305,3.024151563644409,3.5366701971531467e-13,0.9999996423721313,3.024150848388672,0.9999987483024597,2.440863503883669e-14,6.04830265045166
185,3.0241518020629883,3.7523516195278606e-13,0.9999998211860657,3.024150848388672,0.9999988675117493,1.0510299905787737e-14,6.04830265045166,3.0122973918914795,1.0442780537869845e-12,0.9999994039535522,3.012295961380005,0.9999979734420776,7.927476221043089e-14,6.024593353271484
186,3.0122976303100586,1.0005306045474116e-12,0.9999996423721313,3.012296199798584,0.9999980926513672,3.531429434901895e-14,6.024593830108643,3.00099515914917,2.327492799186759e-12,0.9999990463256836,3.000993251800537,0.9999969601631165,2.463396511515753e-13,6.001988410949707
187,3.000995635986328,2.7961118663488715e-12,0.9999993443489075,3.000992774963379,0.9999966621398926,1.1327941487398671e-13,6.001988410949707,2.990133762359619,8.190444850120215e-12,0.9999982714653015,2.9901294708251953,0.9999942779541016,7.301829496944579e-13,5.9802632331848145
188,2.9901342391967773,6.89294238007121e-12,0.9999988675117493,2.9901299476623535,0.9999947547912598,3.461819860720722e-13,5.980264186859131,2.9793031215667725,1.8812819357894028e-11,0.9999971389770508,2.979297399520874,0.9999914169311523,2.0581752448178836e-12,5.9586005210876465
189,2.979304075241089,1.8972021870178324e-11,0.9999979734420776,2.979297399520874,0.9999912977218628,1.0046159867535542e-12,5.958601474761963,2.9682302474975586,3.937942680276585e-11,0.9999954104423523,2.968222141265869,0.9999874830245972,5.510799282182344e-12,5.936452388763428
190,2.968231439590454,4.15044873469661e-11,0.9999967813491821,2.96822190284729,0.9999871253967285,2.767417805332739e-12,5.936453342437744,2.956773042678833,1.1430330987272086e-10,0.9999925494194031,2.956758975982666,0.9999786615371704,1.4170412239444818e-11,5.913532257080078
191,2.956775188446045,9.045869608925727e-11,0.9999946355819702,2.9567618370056152,0.9999812245368958,7.306239814541815e-12,5.91353702545166,2.94547438621521,2.2662036136544828e-10,0.9999882578849792,2.945456027984619,0.9999699592590332,3.529982556260691e-11,5.89093017578125
192,2.9454774856567383,2.7861407625451307e-10,0.9999915361404419,2.945452928543091,0.9999668002128601,1.8663903755822275e-11,5.89093017578125,2.9351861476898193,4.88687312838465e-10,0.9999817609786987,2.9351603984832764,0.9999561309814453,8.508381499350293e-11,5.870346546173096
193,2.9351909160614014,4.760024596706103e-10,0.9999866485595703,2.9351608753204346,0.9999566078186035,4.6085385507765864e-11,5.870351791381836,2.925095558166504,1.0543550477137842e-09,0.9999720454216003,2.9250588417053223,0.9999353289604187,1.996704190876386e-10,5.850154399871826
194,2.925102710723877,9.445211279768273e-10,0.9999791979789734,2.9250621795654297,0.9999388456344604,1.1072694150460194e-10,5.850164890289307,2.9147086143493652,2.015845712577402e-09,0.9999576807022095,2.914661407470703,0.9999105334281921,4.5631676215407424e-10,5.829370021820068
195,2.9147191047668457,2.4320556679668925e-09,0.9999681711196899,2.9146528244018555,0.9999018907546997,2.58872201452931e-10,5.829371929168701,2.9039394855499268,4.625840155370042e-09,0.9999369382858276,2.90386700630188,0.999864399433136,1.0136529393633964e-09,5.807806491851807
196,2.90395450592041,4.862423352847145e-09,0.9999520182609558,2.9038634300231934,0.999860942363739,5.878101339007458e-10,5.8078179359436035,2.8934147357940674,9.248623200619477e-09,0.9999071359634399,2.8933157920837402,0.9998083114624023,2.1974553288117704e-09,5.786730766296387
197,2.8934361934661865,9.221180263807582e-09,0.9999285936355591,2.8933160305023193,0.9998084902763367,1.30163568812236e-09,5.786752223968506,2.8834643363952637,1.6332979413391513e-08,0.999864399433136,2.88334584236145,0.9997459650039673,4.6790225027848464e-09,5.766810417175293
198,2.8834943771362305,1.6651863887773288e-08,0.9998944997787476,2.8833446502685547,0.999744713306427,2.8290298992317275e-09,5.766839027404785,2.8737895488739014,2.994177350501559e-08,0.9998031854629517,2.8736414909362793,0.9996553659439087,9.831249592195945e-09,5.747430801391602
199,2.8738319873809814,3.323472697047691e-08,0.9998456239700317,2.873623847961426,0.9996376037597656,6.064814872530633e-09,5.747455596923828,2.8638370037078857,6.190118995164084e-08,0.9997162818908691,2.8636245727539062,0.9995037913322449,2.0403712497341076e-08,5.727461814880371
